{"name":"demo-security-basic","classpathEntries":[{"kind":"binary","path":"C:\\Program Files\\Java\\jdk1.8.0_161\\jre\\lib\\resources.jar","javadocContainerUrl":"https://docs.oracle.com/javase/1/docs/api/","isSystem":true,"isOwn":false,"isTest":false,"isJavaContent":false},{"kind":"binary","path":"C:\\Program Files\\Java\\jdk1.8.0_161\\jre\\lib\\rt.jar","javadocContainerUrl":"https://docs.oracle.com/javase/1/docs/api/","isSystem":true,"isOwn":false,"isTest":false,"isJavaContent":false},{"kind":"binary","path":"C:\\Program Files\\Java\\jdk1.8.0_161\\jre\\lib\\jsse.jar","javadocContainerUrl":"https://docs.oracle.com/javase/1/docs/api/","isSystem":true,"isOwn":false,"isTest":false,"isJavaContent":false},{"kind":"binary","path":"C:\\Program Files\\Java\\jdk1.8.0_161\\jre\\lib\\jce.jar","javadocContainerUrl":"https://docs.oracle.com/javase/1/docs/api/","isSystem":true,"isOwn":false,"isTest":false,"isJavaContent":false},{"kind":"binary","path":"C:\\Program Files\\Java\\jdk1.8.0_161\\jre\\lib\\charsets.jar","javadocContainerUrl":"https://docs.oracle.com/javase/1/docs/api/","isSystem":true,"isOwn":false,"isTest":false,"isJavaContent":false},{"kind":"binary","path":"C:\\Program Files\\Java\\jdk1.8.0_161\\jre\\lib\\jfr.jar","javadocContainerUrl":"https://docs.oracle.com/javase/1/docs/api/","isSystem":true,"isOwn":false,"isTest":false,"isJavaContent":false},{"kind":"binary","path":"C:\\Users\\ADMIN\\.m2\\repository\\org\\springframework\\boot\\spring-boot-starter-security\\2.6.4\\spring-boot-starter-security-2.6.4.jar","sourceContainerUrl":"file:/C:/Users/ADMIN/.m2/repository/org/springframework/boot/spring-boot-starter-security/2.6.4/spring-boot-starter-security-2.6.4-sources.jar","javadocContainerUrl":"file:/C:/Users/ADMIN/.m2/repository/org/springframework/boot/spring-boot-starter-security/2.6.4/spring-boot-starter-security-2.6.4-javadoc.jar","isSystem":false,"isOwn":false,"isTest":false,"isJavaContent":false},{"kind":"binary","path":"C:\\Users\\ADMIN\\.m2\\repository\\org\\springframework\\boot\\spring-boot-starter\\2.6.4\\spring-boot-starter-2.6.4.jar","sourceContainerUrl":"file:/C:/Users/ADMIN/.m2/repository/org/springframework/boot/spring-boot-starter/2.6.4/spring-boot-starter-2.6.4-sources.jar","javadocContainerUrl":"file:/C:/Users/ADMIN/.m2/repository/org/springframework/boot/spring-boot-starter/2.6.4/spring-boot-starter-2.6.4-javadoc.jar","isSystem":false,"isOwn":false,"isTest":false,"isJavaContent":false},{"kind":"binary","path":"C:\\Users\\ADMIN\\.m2\\repository\\org\\springframework\\boot\\spring-boot-starter-logging\\2.6.4\\spring-boot-starter-logging-2.6.4.jar","sourceContainerUrl":"file:/C:/Users/ADMIN/.m2/repository/org/springframework/boot/spring-boot-starter-logging/2.6.4/spring-boot-starter-logging-2.6.4-sources.jar","javadocContainerUrl":"file:/C:/Users/ADMIN/.m2/repository/org/springframework/boot/spring-boot-starter-logging/2.6.4/spring-boot-starter-logging-2.6.4-javadoc.jar","isSystem":false,"isOwn":false,"isTest":false,"isJavaContent":false},{"kind":"binary","path":"C:\\Users\\ADMIN\\.m2\\repository\\ch\\qos\\logback\\logback-classic\\1.2.10\\logback-classic-1.2.10.jar","sourceContainerUrl":"file:/C:/Users/ADMIN/.m2/repository/ch/qos/logback/logback-classic/1.2.10/logback-classic-1.2.10-sources.jar","javadocContainerUrl":"file:/C:/Users/ADMIN/.m2/repository/ch/qos/logback/logback-classic/1.2.10/logback-classic-1.2.10-javadoc.jar","isSystem":false,"isOwn":false,"isTest":false,"isJavaContent":false},{"kind":"binary","path":"C:\\Users\\ADMIN\\.m2\\repository\\ch\\qos\\logback\\logback-core\\1.2.10\\logback-core-1.2.10.jar","sourceContainerUrl":"file:/C:/Users/ADMIN/.m2/repository/ch/qos/logback/logback-core/1.2.10/logback-core-1.2.10-sources.jar","javadocContainerUrl":"file:/C:/Users/ADMIN/.m2/repository/ch/qos/logback/logback-core/1.2.10/logback-core-1.2.10-javadoc.jar","isSystem":false,"isOwn":false,"isTest":false,"isJavaContent":false},{"kind":"binary","path":"C:\\Users\\ADMIN\\.m2\\repository\\org\\apache\\logging\\log4j\\log4j-to-slf4j\\2.17.1\\log4j-to-slf4j-2.17.1.jar","sourceContainerUrl":"file:/C:/Users/ADMIN/.m2/repository/org/apache/logging/log4j/log4j-to-slf4j/2.17.1/log4j-to-slf4j-2.17.1-sources.jar","javadocContainerUrl":"file:/C:/Users/ADMIN/.m2/repository/org/apache/logging/log4j/log4j-to-slf4j/2.17.1/log4j-to-slf4j-2.17.1-javadoc.jar","isSystem":false,"isOwn":false,"isTest":false,"isJavaContent":false},{"kind":"binary","path":"C:\\Users\\ADMIN\\.m2\\repository\\org\\apache\\logging\\log4j\\log4j-api\\2.17.1\\log4j-api-2.17.1.jar","sourceContainerUrl":"file:/C:/Users/ADMIN/.m2/repository/org/apache/logging/log4j/log4j-api/2.17.1/log4j-api-2.17.1-sources.jar","javadocContainerUrl":"file:/C:/Users/ADMIN/.m2/repository/org/apache/logging/log4j/log4j-api/2.17.1/log4j-api-2.17.1-javadoc.jar","isSystem":false,"isOwn":false,"isTest":false,"isJavaContent":false},{"kind":"binary","path":"C:\\Users\\ADMIN\\.m2\\repository\\org\\slf4j\\jul-to-slf4j\\1.7.36\\jul-to-slf4j-1.7.36.jar","sourceContainerUrl":"file:/C:/Users/ADMIN/.m2/repository/org/slf4j/jul-to-slf4j/1.7.36/jul-to-slf4j-1.7.36-sources.jar","javadocContainerUrl":"file:/C:/Users/ADMIN/.m2/repository/org/slf4j/jul-to-slf4j/1.7.36/jul-to-slf4j-1.7.36-javadoc.jar","isSystem":false,"isOwn":false,"isTest":false,"isJavaContent":false},{"kind":"binary","path":"C:\\Users\\ADMIN\\.m2\\repository\\jakarta\\annotation\\jakarta.annotation-api\\1.3.5\\jakarta.annotation-api-1.3.5.jar","sourceContainerUrl":"file:/C:/Users/ADMIN/.m2/repository/jakarta/annotation/jakarta.annotation-api/1.3.5/jakarta.annotation-api-1.3.5-sources.jar","javadocContainerUrl":"file:/C:/Users/ADMIN/.m2/repository/jakarta/annotation/jakarta.annotation-api/1.3.5/jakarta.annotation-api-1.3.5-javadoc.jar","isSystem":false,"isOwn":false,"isTest":false,"isJavaContent":false},{"kind":"binary","path":"C:\\Users\\ADMIN\\.m2\\repository\\org\\yaml\\snakeyaml\\1.29\\snakeyaml-1.29.jar","sourceContainerUrl":"file:/C:/Users/ADMIN/.m2/repository/org/yaml/snakeyaml/1.29/snakeyaml-1.29-sources.jar","javadocContainerUrl":"file:/C:/Users/ADMIN/.m2/repository/org/yaml/snakeyaml/1.29/snakeyaml-1.29-javadoc.jar","isSystem":false,"isOwn":false,"isTest":false,"isJavaContent":false},{"kind":"binary","path":"C:\\Users\\ADMIN\\.m2\\repository\\org\\springframework\\spring-aop\\5.3.16\\spring-aop-5.3.16.jar","sourceContainerUrl":"file:/C:/Users/ADMIN/.m2/repository/org/springframework/spring-aop/5.3.16/spring-aop-5.3.16-sources.jar","javadocContainerUrl":"file:/C:/Users/ADMIN/.m2/repository/org/springframework/spring-aop/5.3.16/spring-aop-5.3.16-javadoc.jar","isSystem":false,"isOwn":false,"isTest":false,"isJavaContent":false},{"kind":"binary","path":"C:\\Users\\ADMIN\\.m2\\repository\\org\\springframework\\spring-beans\\5.3.16\\spring-beans-5.3.16.jar","sourceContainerUrl":"file:/C:/Users/ADMIN/.m2/repository/org/springframework/spring-beans/5.3.16/spring-beans-5.3.16-sources.jar","javadocContainerUrl":"file:/C:/Users/ADMIN/.m2/repository/org/springframework/spring-beans/5.3.16/spring-beans-5.3.16-javadoc.jar","isSystem":false,"isOwn":false,"isTest":false,"isJavaContent":false},{"kind":"binary","path":"C:\\Users\\ADMIN\\.m2\\repository\\org\\springframework\\security\\spring-security-config\\5.6.2\\spring-security-config-5.6.2.jar","sourceContainerUrl":"file:/C:/Users/ADMIN/.m2/repository/org/springframework/security/spring-security-config/5.6.2/spring-security-config-5.6.2-sources.jar","javadocContainerUrl":"file:/C:/Users/ADMIN/.m2/repository/org/springframework/security/spring-security-config/5.6.2/spring-security-config-5.6.2-javadoc.jar","isSystem":false,"isOwn":false,"isTest":false,"isJavaContent":false},{"kind":"binary","path":"C:\\Users\\ADMIN\\.m2\\repository\\org\\springframework\\spring-context\\5.3.16\\spring-context-5.3.16.jar","sourceContainerUrl":"file:/C:/Users/ADMIN/.m2/repository/org/springframework/spring-context/5.3.16/spring-context-5.3.16-sources.jar","javadocContainerUrl":"file:/C:/Users/ADMIN/.m2/repository/org/springframework/spring-context/5.3.16/spring-context-5.3.16-javadoc.jar","isSystem":false,"isOwn":false,"isTest":false,"isJavaContent":false},{"kind":"binary","path":"C:\\Users\\ADMIN\\.m2\\repository\\org\\springframework\\security\\spring-security-web\\5.6.2\\spring-security-web-5.6.2.jar","sourceContainerUrl":"file:/C:/Users/ADMIN/.m2/repository/org/springframework/security/spring-security-web/5.6.2/spring-security-web-5.6.2-sources.jar","javadocContainerUrl":"file:/C:/Users/ADMIN/.m2/repository/org/springframework/security/spring-security-web/5.6.2/spring-security-web-5.6.2-javadoc.jar","isSystem":false,"isOwn":false,"isTest":false,"isJavaContent":false},{"kind":"binary","path":"C:\\Users\\ADMIN\\.m2\\repository\\org\\springframework\\spring-expression\\5.3.16\\spring-expression-5.3.16.jar","sourceContainerUrl":"file:/C:/Users/ADMIN/.m2/repository/org/springframework/spring-expression/5.3.16/spring-expression-5.3.16-sources.jar","javadocContainerUrl":"file:/C:/Users/ADMIN/.m2/repository/org/springframework/spring-expression/5.3.16/spring-expression-5.3.16-javadoc.jar","isSystem":false,"isOwn":false,"isTest":false,"isJavaContent":false},{"kind":"binary","path":"C:\\Users\\ADMIN\\.m2\\repository\\org\\springframework\\boot\\spring-boot-starter-validation\\2.6.4\\spring-boot-starter-validation-2.6.4.jar","sourceContainerUrl":"file:/C:/Users/ADMIN/.m2/repository/org/springframework/boot/spring-boot-starter-validation/2.6.4/spring-boot-starter-validation-2.6.4-sources.jar","javadocContainerUrl":"file:/C:/Users/ADMIN/.m2/repository/org/springframework/boot/spring-boot-starter-validation/2.6.4/spring-boot-starter-validation-2.6.4-javadoc.jar","isSystem":false,"isOwn":false,"isTest":false,"isJavaContent":false},{"kind":"binary","path":"C:\\Users\\ADMIN\\.m2\\repository\\org\\apache\\tomcat\\embed\\tomcat-embed-el\\9.0.58\\tomcat-embed-el-9.0.58.jar","sourceContainerUrl":"file:/C:/Users/ADMIN/.m2/repository/org/apache/tomcat/embed/tomcat-embed-el/9.0.58/tomcat-embed-el-9.0.58-sources.jar","isSystem":false,"isOwn":false,"isTest":false,"isJavaContent":false},{"kind":"binary","path":"C:\\Users\\ADMIN\\.m2\\repository\\org\\hibernate\\validator\\hibernate-validator\\6.2.2.Final\\hibernate-validator-6.2.2.Final.jar","sourceContainerUrl":"file:/C:/Users/ADMIN/.m2/repository/org/hibernate/validator/hibernate-validator/6.2.2.Final/hibernate-validator-6.2.2.Final-sources.jar","isSystem":false,"isOwn":false,"isTest":false,"isJavaContent":false},{"kind":"binary","path":"C:\\Users\\ADMIN\\.m2\\repository\\jakarta\\validation\\jakarta.validation-api\\2.0.2\\jakarta.validation-api-2.0.2.jar","sourceContainerUrl":"file:/C:/Users/ADMIN/.m2/repository/jakarta/validation/jakarta.validation-api/2.0.2/jakarta.validation-api-2.0.2-sources.jar","javadocContainerUrl":"file:/C:/Users/ADMIN/.m2/repository/jakarta/validation/jakarta.validation-api/2.0.2/jakarta.validation-api-2.0.2-javadoc.jar","isSystem":false,"isOwn":false,"isTest":false,"isJavaContent":false},{"kind":"binary","path":"C:\\Users\\ADMIN\\.m2\\repository\\org\\jboss\\logging\\jboss-logging\\3.4.3.Final\\jboss-logging-3.4.3.Final.jar","sourceContainerUrl":"file:/C:/Users/ADMIN/.m2/repository/org/jboss/logging/jboss-logging/3.4.3.Final/jboss-logging-3.4.3.Final-sources.jar","javadocContainerUrl":"file:/C:/Users/ADMIN/.m2/repository/org/jboss/logging/jboss-logging/3.4.3.Final/jboss-logging-3.4.3.Final-javadoc.jar","isSystem":false,"isOwn":false,"isTest":false,"isJavaContent":false},{"kind":"binary","path":"C:\\Users\\ADMIN\\.m2\\repository\\com\\fasterxml\\classmate\\1.5.1\\classmate-1.5.1.jar","sourceContainerUrl":"file:/C:/Users/ADMIN/.m2/repository/com/fasterxml/classmate/1.5.1/classmate-1.5.1-sources.jar","javadocContainerUrl":"file:/C:/Users/ADMIN/.m2/repository/com/fasterxml/classmate/1.5.1/classmate-1.5.1-javadoc.jar","isSystem":false,"isOwn":false,"isTest":false,"isJavaContent":false},{"kind":"binary","path":"C:\\Users\\ADMIN\\.m2\\repository\\org\\springframework\\boot\\spring-boot-starter-web\\2.6.4\\spring-boot-starter-web-2.6.4.jar","sourceContainerUrl":"file:/C:/Users/ADMIN/.m2/repository/org/springframework/boot/spring-boot-starter-web/2.6.4/spring-boot-starter-web-2.6.4-sources.jar","javadocContainerUrl":"file:/C:/Users/ADMIN/.m2/repository/org/springframework/boot/spring-boot-starter-web/2.6.4/spring-boot-starter-web-2.6.4-javadoc.jar","isSystem":false,"isOwn":false,"isTest":false,"isJavaContent":false},{"kind":"binary","path":"C:\\Users\\ADMIN\\.m2\\repository\\org\\springframework\\boot\\spring-boot-starter-json\\2.6.4\\spring-boot-starter-json-2.6.4.jar","sourceContainerUrl":"file:/C:/Users/ADMIN/.m2/repository/org/springframework/boot/spring-boot-starter-json/2.6.4/spring-boot-starter-json-2.6.4-sources.jar","javadocContainerUrl":"file:/C:/Users/ADMIN/.m2/repository/org/springframework/boot/spring-boot-starter-json/2.6.4/spring-boot-starter-json-2.6.4-javadoc.jar","isSystem":false,"isOwn":false,"isTest":false,"isJavaContent":false},{"kind":"binary","path":"C:\\Users\\ADMIN\\.m2\\repository\\com\\fasterxml\\jackson\\core\\jackson-databind\\2.13.1\\jackson-databind-2.13.1.jar","sourceContainerUrl":"file:/C:/Users/ADMIN/.m2/repository/com/fasterxml/jackson/core/jackson-databind/2.13.1/jackson-databind-2.13.1-sources.jar","javadocContainerUrl":"file:/C:/Users/ADMIN/.m2/repository/com/fasterxml/jackson/core/jackson-databind/2.13.1/jackson-databind-2.13.1-javadoc.jar","isSystem":false,"isOwn":false,"isTest":false,"isJavaContent":false},{"kind":"binary","path":"C:\\Users\\ADMIN\\.m2\\repository\\com\\fasterxml\\jackson\\core\\jackson-annotations\\2.13.1\\jackson-annotations-2.13.1.jar","sourceContainerUrl":"file:/C:/Users/ADMIN/.m2/repository/com/fasterxml/jackson/core/jackson-annotations/2.13.1/jackson-annotations-2.13.1-sources.jar","javadocContainerUrl":"file:/C:/Users/ADMIN/.m2/repository/com/fasterxml/jackson/core/jackson-annotations/2.13.1/jackson-annotations-2.13.1-javadoc.jar","isSystem":false,"isOwn":false,"isTest":false,"isJavaContent":false},{"kind":"binary","path":"C:\\Users\\ADMIN\\.m2\\repository\\com\\fasterxml\\jackson\\core\\jackson-core\\2.13.1\\jackson-core-2.13.1.jar","sourceContainerUrl":"file:/C:/Users/ADMIN/.m2/repository/com/fasterxml/jackson/core/jackson-core/2.13.1/jackson-core-2.13.1-sources.jar","javadocContainerUrl":"file:/C:/Users/ADMIN/.m2/repository/com/fasterxml/jackson/core/jackson-core/2.13.1/jackson-core-2.13.1-javadoc.jar","isSystem":false,"isOwn":false,"isTest":false,"isJavaContent":false},{"kind":"binary","path":"C:\\Users\\ADMIN\\.m2\\repository\\com\\fasterxml\\jackson\\datatype\\jackson-datatype-jdk8\\2.13.1\\jackson-datatype-jdk8-2.13.1.jar","sourceContainerUrl":"file:/C:/Users/ADMIN/.m2/repository/com/fasterxml/jackson/datatype/jackson-datatype-jdk8/2.13.1/jackson-datatype-jdk8-2.13.1-sources.jar","javadocContainerUrl":"file:/C:/Users/ADMIN/.m2/repository/com/fasterxml/jackson/datatype/jackson-datatype-jdk8/2.13.1/jackson-datatype-jdk8-2.13.1-javadoc.jar","isSystem":false,"isOwn":false,"isTest":false,"isJavaContent":false},{"kind":"binary","path":"C:\\Users\\ADMIN\\.m2\\repository\\com\\fasterxml\\jackson\\datatype\\jackson-datatype-jsr310\\2.13.1\\jackson-datatype-jsr310-2.13.1.jar","sourceContainerUrl":"file:/C:/Users/ADMIN/.m2/repository/com/fasterxml/jackson/datatype/jackson-datatype-jsr310/2.13.1/jackson-datatype-jsr310-2.13.1-sources.jar","javadocContainerUrl":"file:/C:/Users/ADMIN/.m2/repository/com/fasterxml/jackson/datatype/jackson-datatype-jsr310/2.13.1/jackson-datatype-jsr310-2.13.1-javadoc.jar","isSystem":false,"isOwn":false,"isTest":false,"isJavaContent":false},{"kind":"binary","path":"C:\\Users\\ADMIN\\.m2\\repository\\com\\fasterxml\\jackson\\module\\jackson-module-parameter-names\\2.13.1\\jackson-module-parameter-names-2.13.1.jar","sourceContainerUrl":"file:/C:/Users/ADMIN/.m2/repository/com/fasterxml/jackson/module/jackson-module-parameter-names/2.13.1/jackson-module-parameter-names-2.13.1-sources.jar","javadocContainerUrl":"file:/C:/Users/ADMIN/.m2/repository/com/fasterxml/jackson/module/jackson-module-parameter-names/2.13.1/jackson-module-parameter-names-2.13.1-javadoc.jar","isSystem":false,"isOwn":false,"isTest":false,"isJavaContent":false},{"kind":"binary","path":"C:\\Users\\ADMIN\\.m2\\repository\\org\\springframework\\boot\\spring-boot-starter-tomcat\\2.6.4\\spring-boot-starter-tomcat-2.6.4.jar","sourceContainerUrl":"file:/C:/Users/ADMIN/.m2/repository/org/springframework/boot/spring-boot-starter-tomcat/2.6.4/spring-boot-starter-tomcat-2.6.4-sources.jar","javadocContainerUrl":"file:/C:/Users/ADMIN/.m2/repository/org/springframework/boot/spring-boot-starter-tomcat/2.6.4/spring-boot-starter-tomcat-2.6.4-javadoc.jar","isSystem":false,"isOwn":false,"isTest":false,"isJavaContent":false},{"kind":"binary","path":"C:\\Users\\ADMIN\\.m2\\repository\\org\\apache\\tomcat\\embed\\tomcat-embed-core\\9.0.58\\tomcat-embed-core-9.0.58.jar","sourceContainerUrl":"file:/C:/Users/ADMIN/.m2/repository/org/apache/tomcat/embed/tomcat-embed-core/9.0.58/tomcat-embed-core-9.0.58-sources.jar","isSystem":false,"isOwn":false,"isTest":false,"isJavaContent":false},{"kind":"binary","path":"C:\\Users\\ADMIN\\.m2\\repository\\org\\apache\\tomcat\\embed\\tomcat-embed-websocket\\9.0.58\\tomcat-embed-websocket-9.0.58.jar","sourceContainerUrl":"file:/C:/Users/ADMIN/.m2/repository/org/apache/tomcat/embed/tomcat-embed-websocket/9.0.58/tomcat-embed-websocket-9.0.58-sources.jar","isSystem":false,"isOwn":false,"isTest":false,"isJavaContent":false},{"kind":"binary","path":"C:\\Users\\ADMIN\\.m2\\repository\\org\\springframework\\spring-web\\5.3.16\\spring-web-5.3.16.jar","sourceContainerUrl":"file:/C:/Users/ADMIN/.m2/repository/org/springframework/spring-web/5.3.16/spring-web-5.3.16-sources.jar","javadocContainerUrl":"file:/C:/Users/ADMIN/.m2/repository/org/springframework/spring-web/5.3.16/spring-web-5.3.16-javadoc.jar","isSystem":false,"isOwn":false,"isTest":false,"isJavaContent":false},{"kind":"binary","path":"C:\\Users\\ADMIN\\.m2\\repository\\org\\springframework\\spring-webmvc\\5.3.16\\spring-webmvc-5.3.16.jar","sourceContainerUrl":"file:/C:/Users/ADMIN/.m2/repository/org/springframework/spring-webmvc/5.3.16/spring-webmvc-5.3.16-sources.jar","javadocContainerUrl":"file:/C:/Users/ADMIN/.m2/repository/org/springframework/spring-webmvc/5.3.16/spring-webmvc-5.3.16-javadoc.jar","isSystem":false,"isOwn":false,"isTest":false,"isJavaContent":false},{"kind":"binary","path":"C:\\Users\\ADMIN\\.m2\\repository\\mysql\\mysql-connector-java\\8.0.28\\mysql-connector-java-8.0.28.jar","sourceContainerUrl":"file:/C:/Users/ADMIN/.m2/repository/mysql/mysql-connector-java/8.0.28/mysql-connector-java-8.0.28-sources.jar","isSystem":false,"isOwn":false,"isTest":false,"isJavaContent":false},{"kind":"binary","path":"C:\\Users\\ADMIN\\.m2\\repository\\org\\projectlombok\\lombok\\1.18.22\\lombok-1.18.22.jar","sourceContainerUrl":"file:/C:/Users/ADMIN/.m2/repository/org/projectlombok/lombok/1.18.22/lombok-1.18.22-sources.jar","javadocContainerUrl":"file:/C:/Users/ADMIN/.m2/repository/org/projectlombok/lombok/1.18.22/lombok-1.18.22-javadoc.jar","isSystem":false,"isOwn":false,"isTest":false,"isJavaContent":false},{"kind":"binary","path":"C:\\Users\\ADMIN\\.m2\\repository\\org\\springframework\\boot\\spring-boot-starter-test\\2.6.4\\spring-boot-starter-test-2.6.4.jar","sourceContainerUrl":"file:/C:/Users/ADMIN/.m2/repository/org/springframework/boot/spring-boot-starter-test/2.6.4/spring-boot-starter-test-2.6.4-sources.jar","javadocContainerUrl":"file:/C:/Users/ADMIN/.m2/repository/org/springframework/boot/spring-boot-starter-test/2.6.4/spring-boot-starter-test-2.6.4-javadoc.jar","isSystem":false,"isOwn":false,"isTest":false,"isJavaContent":false},{"kind":"binary","path":"C:\\Users\\ADMIN\\.m2\\repository\\org\\springframework\\boot\\spring-boot-test\\2.6.4\\spring-boot-test-2.6.4.jar","sourceContainerUrl":"file:/C:/Users/ADMIN/.m2/repository/org/springframework/boot/spring-boot-test/2.6.4/spring-boot-test-2.6.4-sources.jar","javadocContainerUrl":"file:/C:/Users/ADMIN/.m2/repository/org/springframework/boot/spring-boot-test/2.6.4/spring-boot-test-2.6.4-javadoc.jar","isSystem":false,"isOwn":false,"isTest":false,"isJavaContent":false},{"kind":"binary","path":"C:\\Users\\ADMIN\\.m2\\repository\\org\\springframework\\boot\\spring-boot-test-autoconfigure\\2.6.4\\spring-boot-test-autoconfigure-2.6.4.jar","sourceContainerUrl":"file:/C:/Users/ADMIN/.m2/repository/org/springframework/boot/spring-boot-test-autoconfigure/2.6.4/spring-boot-test-autoconfigure-2.6.4-sources.jar","javadocContainerUrl":"file:/C:/Users/ADMIN/.m2/repository/org/springframework/boot/spring-boot-test-autoconfigure/2.6.4/spring-boot-test-autoconfigure-2.6.4-javadoc.jar","isSystem":false,"isOwn":false,"isTest":false,"isJavaContent":false},{"kind":"binary","path":"C:\\Users\\ADMIN\\.m2\\repository\\com\\jayway\\jsonpath\\json-path\\2.6.0\\json-path-2.6.0.jar","sourceContainerUrl":"file:/C:/Users/ADMIN/.m2/repository/com/jayway/jsonpath/json-path/2.6.0/json-path-2.6.0-sources.jar","javadocContainerUrl":"file:/C:/Users/ADMIN/.m2/repository/com/jayway/jsonpath/json-path/2.6.0/json-path-2.6.0-javadoc.jar","isSystem":false,"isOwn":false,"isTest":false,"isJavaContent":false},{"kind":"binary","path":"C:\\Users\\ADMIN\\.m2\\repository\\net\\minidev\\json-smart\\2.4.8\\json-smart-2.4.8.jar","sourceContainerUrl":"file:/C:/Users/ADMIN/.m2/repository/net/minidev/json-smart/2.4.8/json-smart-2.4.8-sources.jar","javadocContainerUrl":"file:/C:/Users/ADMIN/.m2/repository/net/minidev/json-smart/2.4.8/json-smart-2.4.8-javadoc.jar","isSystem":false,"isOwn":false,"isTest":false,"isJavaContent":false},{"kind":"binary","path":"C:\\Users\\ADMIN\\.m2\\repository\\net\\minidev\\accessors-smart\\2.4.8\\accessors-smart-2.4.8.jar","sourceContainerUrl":"file:/C:/Users/ADMIN/.m2/repository/net/minidev/accessors-smart/2.4.8/accessors-smart-2.4.8-sources.jar","javadocContainerUrl":"file:/C:/Users/ADMIN/.m2/repository/net/minidev/accessors-smart/2.4.8/accessors-smart-2.4.8-javadoc.jar","isSystem":false,"isOwn":false,"isTest":false,"isJavaContent":false},{"kind":"binary","path":"C:\\Users\\ADMIN\\.m2\\repository\\org\\ow2\\asm\\asm\\9.1\\asm-9.1.jar","sourceContainerUrl":"file:/C:/Users/ADMIN/.m2/repository/org/ow2/asm/asm/9.1/asm-9.1-sources.jar","javadocContainerUrl":"file:/C:/Users/ADMIN/.m2/repository/org/ow2/asm/asm/9.1/asm-9.1-javadoc.jar","isSystem":false,"isOwn":false,"isTest":false,"isJavaContent":false},{"kind":"binary","path":"C:\\Users\\ADMIN\\.m2\\repository\\org\\slf4j\\slf4j-api\\1.7.36\\slf4j-api-1.7.36.jar","sourceContainerUrl":"file:/C:/Users/ADMIN/.m2/repository/org/slf4j/slf4j-api/1.7.36/slf4j-api-1.7.36-sources.jar","javadocContainerUrl":"file:/C:/Users/ADMIN/.m2/repository/org/slf4j/slf4j-api/1.7.36/slf4j-api-1.7.36-javadoc.jar","isSystem":false,"isOwn":false,"isTest":false,"isJavaContent":false},{"kind":"binary","path":"C:\\Users\\ADMIN\\.m2\\repository\\jakarta\\xml\\bind\\jakarta.xml.bind-api\\2.3.3\\jakarta.xml.bind-api-2.3.3.jar","sourceContainerUrl":"file:/C:/Users/ADMIN/.m2/repository/jakarta/xml/bind/jakarta.xml.bind-api/2.3.3/jakarta.xml.bind-api-2.3.3-sources.jar","javadocContainerUrl":"file:/C:/Users/ADMIN/.m2/repository/jakarta/xml/bind/jakarta.xml.bind-api/2.3.3/jakarta.xml.bind-api-2.3.3-javadoc.jar","isSystem":false,"isOwn":false,"isTest":false,"isJavaContent":false},{"kind":"binary","path":"C:\\Users\\ADMIN\\.m2\\repository\\jakarta\\activation\\jakarta.activation-api\\1.2.2\\jakarta.activation-api-1.2.2.jar","sourceContainerUrl":"file:/C:/Users/ADMIN/.m2/repository/jakarta/activation/jakarta.activation-api/1.2.2/jakarta.activation-api-1.2.2-sources.jar","javadocContainerUrl":"file:/C:/Users/ADMIN/.m2/repository/jakarta/activation/jakarta.activation-api/1.2.2/jakarta.activation-api-1.2.2-javadoc.jar","isSystem":false,"isOwn":false,"isTest":false,"isJavaContent":false},{"kind":"binary","path":"C:\\Users\\ADMIN\\.m2\\repository\\org\\assertj\\assertj-core\\3.21.0\\assertj-core-3.21.0.jar","sourceContainerUrl":"file:/C:/Users/ADMIN/.m2/repository/org/assertj/assertj-core/3.21.0/assertj-core-3.21.0-sources.jar","javadocContainerUrl":"file:/C:/Users/ADMIN/.m2/repository/org/assertj/assertj-core/3.21.0/assertj-core-3.21.0-javadoc.jar","isSystem":false,"isOwn":false,"isTest":false,"isJavaContent":false},{"kind":"binary","path":"C:\\Users\\ADMIN\\.m2\\repository\\org\\hamcrest\\hamcrest\\2.2\\hamcrest-2.2.jar","sourceContainerUrl":"file:/C:/Users/ADMIN/.m2/repository/org/hamcrest/hamcrest/2.2/hamcrest-2.2-sources.jar","javadocContainerUrl":"file:/C:/Users/ADMIN/.m2/repository/org/hamcrest/hamcrest/2.2/hamcrest-2.2-javadoc.jar","isSystem":false,"isOwn":false,"isTest":false,"isJavaContent":false},{"kind":"binary","path":"C:\\Users\\ADMIN\\.m2\\repository\\org\\junit\\jupiter\\junit-jupiter\\5.8.2\\junit-jupiter-5.8.2.jar","sourceContainerUrl":"file:/C:/Users/ADMIN/.m2/repository/org/junit/jupiter/junit-jupiter/5.8.2/junit-jupiter-5.8.2-sources.jar","javadocContainerUrl":"file:/C:/Users/ADMIN/.m2/repository/org/junit/jupiter/junit-jupiter/5.8.2/junit-jupiter-5.8.2-javadoc.jar","isSystem":false,"isOwn":false,"isTest":false,"isJavaContent":false},{"kind":"binary","path":"C:\\Users\\ADMIN\\.m2\\repository\\org\\junit\\jupiter\\junit-jupiter-api\\5.8.2\\junit-jupiter-api-5.8.2.jar","sourceContainerUrl":"file:/C:/Users/ADMIN/.m2/repository/org/junit/jupiter/junit-jupiter-api/5.8.2/junit-jupiter-api-5.8.2-sources.jar","javadocContainerUrl":"file:/C:/Users/ADMIN/.m2/repository/org/junit/jupiter/junit-jupiter-api/5.8.2/junit-jupiter-api-5.8.2-javadoc.jar","isSystem":false,"isOwn":false,"isTest":false,"isJavaContent":false},{"kind":"binary","path":"C:\\Users\\ADMIN\\.m2\\repository\\org\\opentest4j\\opentest4j\\1.2.0\\opentest4j-1.2.0.jar","sourceContainerUrl":"file:/C:/Users/ADMIN/.m2/repository/org/opentest4j/opentest4j/1.2.0/opentest4j-1.2.0-sources.jar","javadocContainerUrl":"file:/C:/Users/ADMIN/.m2/repository/org/opentest4j/opentest4j/1.2.0/opentest4j-1.2.0-javadoc.jar","isSystem":false,"isOwn":false,"isTest":false,"isJavaContent":false},{"kind":"binary","path":"C:\\Users\\ADMIN\\.m2\\repository\\org\\junit\\platform\\junit-platform-commons\\1.8.2\\junit-platform-commons-1.8.2.jar","sourceContainerUrl":"file:/C:/Users/ADMIN/.m2/repository/org/junit/platform/junit-platform-commons/1.8.2/junit-platform-commons-1.8.2-sources.jar","javadocContainerUrl":"file:/C:/Users/ADMIN/.m2/repository/org/junit/platform/junit-platform-commons/1.8.2/junit-platform-commons-1.8.2-javadoc.jar","isSystem":false,"isOwn":false,"isTest":false,"isJavaContent":false},{"kind":"binary","path":"C:\\Users\\ADMIN\\.m2\\repository\\org\\apiguardian\\apiguardian-api\\1.1.2\\apiguardian-api-1.1.2.jar","sourceContainerUrl":"file:/C:/Users/ADMIN/.m2/repository/org/apiguardian/apiguardian-api/1.1.2/apiguardian-api-1.1.2-sources.jar","javadocContainerUrl":"file:/C:/Users/ADMIN/.m2/repository/org/apiguardian/apiguardian-api/1.1.2/apiguardian-api-1.1.2-javadoc.jar","isSystem":false,"isOwn":false,"isTest":false,"isJavaContent":false},{"kind":"binary","path":"C:\\Users\\ADMIN\\.m2\\repository\\org\\junit\\jupiter\\junit-jupiter-params\\5.8.2\\junit-jupiter-params-5.8.2.jar","sourceContainerUrl":"file:/C:/Users/ADMIN/.m2/repository/org/junit/jupiter/junit-jupiter-params/5.8.2/junit-jupiter-params-5.8.2-sources.jar","javadocContainerUrl":"file:/C:/Users/ADMIN/.m2/repository/org/junit/jupiter/junit-jupiter-params/5.8.2/junit-jupiter-params-5.8.2-javadoc.jar","isSystem":false,"isOwn":false,"isTest":false,"isJavaContent":false},{"kind":"binary","path":"C:\\Users\\ADMIN\\.m2\\repository\\org\\junit\\jupiter\\junit-jupiter-engine\\5.8.2\\junit-jupiter-engine-5.8.2.jar","sourceContainerUrl":"file:/C:/Users/ADMIN/.m2/repository/org/junit/jupiter/junit-jupiter-engine/5.8.2/junit-jupiter-engine-5.8.2-sources.jar","javadocContainerUrl":"file:/C:/Users/ADMIN/.m2/repository/org/junit/jupiter/junit-jupiter-engine/5.8.2/junit-jupiter-engine-5.8.2-javadoc.jar","isSystem":false,"isOwn":false,"isTest":false,"isJavaContent":false},{"kind":"binary","path":"C:\\Users\\ADMIN\\.m2\\repository\\org\\junit\\platform\\junit-platform-engine\\1.8.2\\junit-platform-engine-1.8.2.jar","sourceContainerUrl":"file:/C:/Users/ADMIN/.m2/repository/org/junit/platform/junit-platform-engine/1.8.2/junit-platform-engine-1.8.2-sources.jar","javadocContainerUrl":"file:/C:/Users/ADMIN/.m2/repository/org/junit/platform/junit-platform-engine/1.8.2/junit-platform-engine-1.8.2-javadoc.jar","isSystem":false,"isOwn":false,"isTest":false,"isJavaContent":false},{"kind":"binary","path":"C:\\Users\\ADMIN\\.m2\\repository\\org\\mockito\\mockito-core\\4.0.0\\mockito-core-4.0.0.jar","sourceContainerUrl":"file:/C:/Users/ADMIN/.m2/repository/org/mockito/mockito-core/4.0.0/mockito-core-4.0.0-sources.jar","javadocContainerUrl":"file:/C:/Users/ADMIN/.m2/repository/org/mockito/mockito-core/4.0.0/mockito-core-4.0.0-javadoc.jar","isSystem":false,"isOwn":false,"isTest":false,"isJavaContent":false},{"kind":"binary","path":"C:\\Users\\ADMIN\\.m2\\repository\\net\\bytebuddy\\byte-buddy\\1.11.22\\byte-buddy-1.11.22.jar","sourceContainerUrl":"file:/C:/Users/ADMIN/.m2/repository/net/bytebuddy/byte-buddy/1.11.22/byte-buddy-1.11.22-sources.jar","javadocContainerUrl":"file:/C:/Users/ADMIN/.m2/repository/net/bytebuddy/byte-buddy/1.11.22/byte-buddy-1.11.22-javadoc.jar","isSystem":false,"isOwn":false,"isTest":false,"isJavaContent":false},{"kind":"binary","path":"C:\\Users\\ADMIN\\.m2\\repository\\net\\bytebuddy\\byte-buddy-agent\\1.11.22\\byte-buddy-agent-1.11.22.jar","sourceContainerUrl":"file:/C:/Users/ADMIN/.m2/repository/net/bytebuddy/byte-buddy-agent/1.11.22/byte-buddy-agent-1.11.22-sources.jar","javadocContainerUrl":"file:/C:/Users/ADMIN/.m2/repository/net/bytebuddy/byte-buddy-agent/1.11.22/byte-buddy-agent-1.11.22-javadoc.jar","isSystem":false,"isOwn":false,"isTest":false,"isJavaContent":false},{"kind":"binary","path":"C:\\Users\\ADMIN\\.m2\\repository\\org\\objenesis\\objenesis\\3.2\\objenesis-3.2.jar","sourceContainerUrl":"file:/C:/Users/ADMIN/.m2/repository/org/objenesis/objenesis/3.2/objenesis-3.2-sources.jar","javadocContainerUrl":"file:/C:/Users/ADMIN/.m2/repository/org/objenesis/objenesis/3.2/objenesis-3.2-javadoc.jar","isSystem":false,"isOwn":false,"isTest":false,"isJavaContent":false},{"kind":"binary","path":"C:\\Users\\ADMIN\\.m2\\repository\\org\\mockito\\mockito-junit-jupiter\\4.0.0\\mockito-junit-jupiter-4.0.0.jar","sourceContainerUrl":"file:/C:/Users/ADMIN/.m2/repository/org/mockito/mockito-junit-jupiter/4.0.0/mockito-junit-jupiter-4.0.0-sources.jar","javadocContainerUrl":"file:/C:/Users/ADMIN/.m2/repository/org/mockito/mockito-junit-jupiter/4.0.0/mockito-junit-jupiter-4.0.0-javadoc.jar","isSystem":false,"isOwn":false,"isTest":false,"isJavaContent":false},{"kind":"binary","path":"C:\\Users\\ADMIN\\.m2\\repository\\org\\skyscreamer\\jsonassert\\1.5.0\\jsonassert-1.5.0.jar","sourceContainerUrl":"file:/C:/Users/ADMIN/.m2/repository/org/skyscreamer/jsonassert/1.5.0/jsonassert-1.5.0-sources.jar","javadocContainerUrl":"file:/C:/Users/ADMIN/.m2/repository/org/skyscreamer/jsonassert/1.5.0/jsonassert-1.5.0-javadoc.jar","isSystem":false,"isOwn":false,"isTest":false,"isJavaContent":false},{"kind":"binary","path":"C:\\Users\\ADMIN\\.m2\\repository\\com\\vaadin\\external\\google\\android-json\\0.0.20131108.vaadin1\\android-json-0.0.20131108.vaadin1.jar","sourceContainerUrl":"file:/C:/Users/ADMIN/.m2/repository/com/vaadin/external/google/android-json/0.0.20131108.vaadin1/android-json-0.0.20131108.vaadin1-sources.jar","javadocContainerUrl":"file:/C:/Users/ADMIN/.m2/repository/com/vaadin/external/google/android-json/0.0.20131108.vaadin1/android-json-0.0.20131108.vaadin1-javadoc.jar","isSystem":false,"isOwn":false,"isTest":false,"isJavaContent":false},{"kind":"binary","path":"C:\\Users\\ADMIN\\.m2\\repository\\org\\springframework\\spring-core\\5.3.16\\spring-core-5.3.16.jar","sourceContainerUrl":"file:/C:/Users/ADMIN/.m2/repository/org/springframework/spring-core/5.3.16/spring-core-5.3.16-sources.jar","javadocContainerUrl":"file:/C:/Users/ADMIN/.m2/repository/org/springframework/spring-core/5.3.16/spring-core-5.3.16-javadoc.jar","isSystem":false,"isOwn":false,"isTest":false,"isJavaContent":false},{"kind":"binary","path":"C:\\Users\\ADMIN\\.m2\\repository\\org\\springframework\\spring-jcl\\5.3.16\\spring-jcl-5.3.16.jar","sourceContainerUrl":"file:/C:/Users/ADMIN/.m2/repository/org/springframework/spring-jcl/5.3.16/spring-jcl-5.3.16-sources.jar","javadocContainerUrl":"file:/C:/Users/ADMIN/.m2/repository/org/springframework/spring-jcl/5.3.16/spring-jcl-5.3.16-javadoc.jar","isSystem":false,"isOwn":false,"isTest":false,"isJavaContent":false},{"kind":"binary","path":"C:\\Users\\ADMIN\\.m2\\repository\\org\\springframework\\spring-test\\5.3.16\\spring-test-5.3.16.jar","sourceContainerUrl":"file:/C:/Users/ADMIN/.m2/repository/org/springframework/spring-test/5.3.16/spring-test-5.3.16-sources.jar","javadocContainerUrl":"file:/C:/Users/ADMIN/.m2/repository/org/springframework/spring-test/5.3.16/spring-test-5.3.16-javadoc.jar","isSystem":false,"isOwn":false,"isTest":false,"isJavaContent":false},{"kind":"binary","path":"C:\\Users\\ADMIN\\.m2\\repository\\org\\xmlunit\\xmlunit-core\\2.8.4\\xmlunit-core-2.8.4.jar","sourceContainerUrl":"file:/C:/Users/ADMIN/.m2/repository/org/xmlunit/xmlunit-core/2.8.4/xmlunit-core-2.8.4-sources.jar","javadocContainerUrl":"file:/C:/Users/ADMIN/.m2/repository/org/xmlunit/xmlunit-core/2.8.4/xmlunit-core-2.8.4-javadoc.jar","isSystem":false,"isOwn":false,"isTest":false,"isJavaContent":false},{"kind":"binary","path":"C:\\Users\\ADMIN\\.m2\\repository\\org\\springframework\\security\\spring-security-test\\5.6.2\\spring-security-test-5.6.2.jar","sourceContainerUrl":"file:/C:/Users/ADMIN/.m2/repository/org/springframework/security/spring-security-test/5.6.2/spring-security-test-5.6.2-sources.jar","javadocContainerUrl":"file:/C:/Users/ADMIN/.m2/repository/org/springframework/security/spring-security-test/5.6.2/spring-security-test-5.6.2-javadoc.jar","isSystem":false,"isOwn":false,"isTest":false,"isJavaContent":false},{"kind":"binary","path":"C:\\Users\\ADMIN\\.m2\\repository\\org\\springframework\\security\\spring-security-core\\5.6.2\\spring-security-core-5.6.2.jar","sourceContainerUrl":"file:/C:/Users/ADMIN/.m2/repository/org/springframework/security/spring-security-core/5.6.2/spring-security-core-5.6.2-sources.jar","javadocContainerUrl":"file:/C:/Users/ADMIN/.m2/repository/org/springframework/security/spring-security-core/5.6.2/spring-security-core-5.6.2-javadoc.jar","isSystem":false,"isOwn":false,"isTest":false,"isJavaContent":false},{"kind":"binary","path":"C:\\Users\\ADMIN\\.m2\\repository\\org\\springframework\\security\\spring-security-crypto\\5.6.2\\spring-security-crypto-5.6.2.jar","sourceContainerUrl":"file:/C:/Users/ADMIN/.m2/repository/org/springframework/security/spring-security-crypto/5.6.2/spring-security-crypto-5.6.2-sources.jar","javadocContainerUrl":"file:/C:/Users/ADMIN/.m2/repository/org/springframework/security/spring-security-crypto/5.6.2/spring-security-crypto-5.6.2-javadoc.jar","isSystem":false,"isOwn":false,"isTest":false,"isJavaContent":false},{"kind":"binary","path":"C:\\Users\\ADMIN\\.m2\\repository\\org\\springframework\\boot\\spring-boot-devtools\\2.6.4\\spring-boot-devtools-2.6.4.jar","sourceContainerUrl":"file:/C:/Users/ADMIN/.m2/repository/org/springframework/boot/spring-boot-devtools/2.6.4/spring-boot-devtools-2.6.4-sources.jar","javadocContainerUrl":"file:/C:/Users/ADMIN/.m2/repository/org/springframework/boot/spring-boot-devtools/2.6.4/spring-boot-devtools-2.6.4-javadoc.jar","isSystem":false,"isOwn":false,"isTest":false,"isJavaContent":false},{"kind":"binary","path":"C:\\Users\\ADMIN\\.m2\\repository\\org\\springframework\\boot\\spring-boot\\2.6.4\\spring-boot-2.6.4.jar","sourceContainerUrl":"file:/C:/Users/ADMIN/.m2/repository/org/springframework/boot/spring-boot/2.6.4/spring-boot-2.6.4-sources.jar","javadocContainerUrl":"file:/C:/Users/ADMIN/.m2/repository/org/springframework/boot/spring-boot/2.6.4/spring-boot-2.6.4-javadoc.jar","isSystem":false,"isOwn":false,"isTest":false,"isJavaContent":false},{"kind":"binary","path":"C:\\Users\\ADMIN\\.m2\\repository\\org\\springframework\\boot\\spring-boot-autoconfigure\\2.6.4\\spring-boot-autoconfigure-2.6.4.jar","sourceContainerUrl":"file:/C:/Users/ADMIN/.m2/repository/org/springframework/boot/spring-boot-autoconfigure/2.6.4/spring-boot-autoconfigure-2.6.4-sources.jar","javadocContainerUrl":"file:/C:/Users/ADMIN/.m2/repository/org/springframework/boot/spring-boot-autoconfigure/2.6.4/spring-boot-autoconfigure-2.6.4-javadoc.jar","isSystem":false,"isOwn":false,"isTest":false,"isJavaContent":false},{"kind":"source","path":"D:\\workspace_practice\\demo-security-1\\src\\main\\java","outputFolder":"D:\\workspace_practice\\demo-security-1\\target\\classes","javadocContainerUrl":"file:/D:/workspace_practice/demo-security-1/target/site/apidocs","isSystem":false,"isOwn":true,"isTest":false,"isJavaContent":true},{"kind":"source","path":"D:\\workspace_practice\\demo-security-1\\src\\test\\java","outputFolder":"D:\\workspace_practice\\demo-security-1\\target\\test-classes","javadocContainerUrl":"file:/D:/workspace_practice/demo-security-1/target/site/apidocs","isSystem":false,"isOwn":true,"isTest":true,"isJavaContent":true},{"kind":"source","path":"D:\\workspace_practice\\demo-security-1\\src\\main\\resources","outputFolder":"D:\\workspace_practice\\demo-security-1\\target\\classes","isSystem":false,"isOwn":true,"isTest":false,"isJavaContent":false},{"kind":"source","path":"D:\\workspace_practice\\demo-security-1\\src\\test\\resources","outputFolder":"D:\\workspace_practice\\demo-security-1\\target\\test-classes","isSystem":false,"isOwn":true,"isTest":true,"isJavaContent":false},{"kind":"source","path":"D:\\workspace_practice\\demo-security-1\\src\\test\\java","outputFolder":"D:\\workspace_practice\\demo-security-1\\target\\test-classes","javadocContainerUrl":"file:/D:/workspace_practice/demo-security-1/target/site/apidocs","isSystem":false,"isOwn":true,"isTest":false,"isJavaContent":false}]}